block_number,n_chunks,chunk_boundaries,surprisal_profile,source_file,sequence_type,method,participant_id,session,day_index
40,2,[6],"[2.565790828393447, 3.872427769974555, 4.758197688106374, 2.013062659742851, 0.46553796436844286, 5.44113909305794, 4.030887950213056]",SRT/VR_ML_039_Werner_Roedger_20250113_FRA_1_fertig.csv,blue,hcrp_lm,Werner_Roedger,FRA_1,1
60,3,"[1, 6]","[1.2517950378894018, 0.1057966973330303, 1.0811453628771905, 0.15162255318482606, 0.1125389466962088, 1.588568386930688, 0.4124624585743741]",SRT/VR_ML_039_Werner_Roedger_20250113_FRA_1_fertig.csv,blue,hcrp_lm,Werner_Roedger,FRA_1,1
69,3,"[3, 6]","[0.8440839152379459, 0.08043406310541426, 1.0591331068010656, 0.10106167727805139, 0.0782147473437285, 1.3332250473183997, 0.27819109487978144]",SRT/VR_ML_039_Werner_Roedger_20250113_FRA_1_fertig.csv,blue,hcrp_lm,Werner_Roedger,FRA_1,1
76,3,"[3, 6]","[0.7581204662038129, 0.050429922880767, 1.0588645126168228, 0.08832080502473137, 0.05053245476490187, 1.2266966745296077, 0.21005854752330355]",SRT/VR_ML_039_Werner_Roedger_20250113_FRA_1_fertig.csv,blue,hcrp_lm,Werner_Roedger,FRA_1,1
