block_number,n_chunks,chunk_boundaries,surprisal_profile,source_file,sequence_type,method,participant_id,session,day_index
6,2,[6],"[2.565790828393447, 3.872427769974555, 4.758197688106374, 2.013062659742851, 0.46553796436844286, 5.592588320004547, 4.159187055100395]",SRT/VR_ML_131_Friedhelm_Henning_20250908_FRA_1_fertig.csv,blue,hcrp_lm,Friedhelm_Henning,FRA_1,1
99,3,"[1, 6]","[1.2634119619657291, 0.09856581119130126, 1.0831304432629425, 0.15726494418129708, 0.09614611199155271, 1.5899027620160737, 0.41705090391903027]",SRT/VR_ML_131_Friedhelm_Henning_20250908_FRA_1_fertig.csv,blue,hcrp_lm,Friedhelm_Henning,FRA_1,1
108,3,"[3, 6]","[0.8595339297223195, 0.06209903494115149, 1.0605708148669497, 0.103445018771525, 0.06545017325911336, 1.3415164797821366, 0.2807140710235981]",SRT/VR_ML_131_Friedhelm_Henning_20250908_FRA_1_fertig.csv,blue,hcrp_lm,Friedhelm_Henning,FRA_1,1
115,3,"[3, 6]","[0.6882708252889174, 0.05608167602660097, 1.0449436356844943, 0.0829488145134955, 0.051601803804391146, 1.24306441586157, 0.22068340185188698]",SRT/VR_ML_131_Friedhelm_Henning_20250908_FRA_1_fertig.csv,blue,hcrp_lm,Friedhelm_Henning,FRA_1,1
