block_number,n_chunks,chunk_boundaries,surprisal_profile,source_file,sequence_type,method,participant_id,session,day_index
1,2,[6],"[2.565790828393447, 3.872427769974555, 4.758197688106374, 2.013062659742851, 0.46553796436844286, 5.44113909305794, 4.030887950213056]",SRT/VR_ML_123_Wolfgang_Lange_20250703_FRA_4_fertig.csv,blue,hcrp_lm,Wolfgang_Lange,FRA_4,4
95,3,"[1, 6]","[1.2517950378894018, 0.1057966973330303, 1.0818524169160004, 0.15033439464193282, 0.10258428738640642, 1.5867654560104287, 0.416530835700378]",SRT/VR_ML_123_Wolfgang_Lange_20250703_FRA_4_fertig.csv,blue,hcrp_lm,Wolfgang_Lange,FRA_4,4
