block_number,n_chunks,chunk_boundaries,surprisal_profile,source_file,sequence_type,method,participant_id,session,day_index
46,2,[6],"[2.565790828393447, 3.872427769974555, 4.758197688106374, 2.013062659742851, 0.46553796436844286, 5.44113909305794, 4.030887950213056]",SRT/VR_ML_123_Wolfgang_Lange_20250704_FRA_5_fertig.csv,blue,hcrp_lm,Wolfgang_Lange,FRA_5,5
63,3,"[1, 6]","[1.2517950378894018, 0.10483910873458548, 1.079566728666754, 0.15998450937564881, 0.09761058346845156, 1.5879776703702104, 0.4084140000913338]",SRT/VR_ML_123_Wolfgang_Lange_20250704_FRA_5_fertig.csv,blue,hcrp_lm,Wolfgang_Lange,FRA_5,5
105,3,"[3, 6]","[0.8561062297438928, 0.06997711129858411, 1.04472965529417, 0.09532590312745665, 0.0680066777202484, 1.3463878377203424, 0.2761970008119879]",SRT/VR_ML_123_Wolfgang_Lange_20250704_FRA_5_fertig.csv,blue,hcrp_lm,Wolfgang_Lange,FRA_5,5
116,3,"[3, 6]","[0.6932490611124934, 0.050108575460183935, 1.054147795297811, 0.08027010117914923, 0.0527029845101631, 1.2286023021782395, 0.21871317667905882]",SRT/VR_ML_123_Wolfgang_Lange_20250704_FRA_5_fertig.csv,blue,hcrp_lm,Wolfgang_Lange,FRA_5,5
