block_number,n_chunks,chunk_boundaries,surprisal_profile,source_file,sequence_type,method,participant_id,session,day_index
3,2,[6],"[2.565790828393447, 3.872427769974555, 4.758197688106374, 2.013062659742851, 0.46553796436844286, 5.39399421806646, 3.990537624126993]",SRT/VR_ML_123_Wolfgang_Lange_20250704_FRA_6_fertig.csv,blue,hcrp_lm,Wolfgang_Lange,FRA_6,6
10,3,"[1, 6]","[1.247943424447551, 0.10795074919866231, 1.080499476876813, 0.14870595957378474, 0.10706668852282972, 1.5496611613025009, 0.4136969541763658]",SRT/VR_ML_123_Wolfgang_Lange_20250704_FRA_6_fertig.csv,blue,hcrp_lm,Wolfgang_Lange,FRA_6,6
14,3,"[3, 6]","[1.0113963277385618, 0.06509944059240397, 1.082819042071718, 0.10565363864945232, 0.06567522726064515, 1.3232039927346106, 0.2514795838525827]",SRT/VR_ML_123_Wolfgang_Lange_20250704_FRA_6_fertig.csv,blue,hcrp_lm,Wolfgang_Lange,FRA_6,6
21,3,"[3, 6]","[0.7402658794443541, 0.047886964392035866, 1.065346867699972, 0.08291498481767996, 0.04774217289288074, 1.230760567846623, 0.21143711699467896]",SRT/VR_ML_123_Wolfgang_Lange_20250704_FRA_6_fertig.csv,blue,hcrp_lm,Wolfgang_Lange,FRA_6,6
78,3,"[3, 6]","[0.6941620166277187, 0.039279914123351335, 1.0588103289797386, 0.05495067165352642, 0.04135645923463917, 1.1831045112043685, 0.17473540199076518]",SRT/VR_ML_123_Wolfgang_Lange_20250704_FRA_6_fertig.csv,blue,hcrp_lm,Wolfgang_Lange,FRA_6,6
