block_number,n_chunks,chunk_boundaries,surprisal_profile,source_file,sequence_type,method,participant_id,session,day_index
45,2,[6],"[2.565790828393447, 3.872427769974555, 4.758197688106374, 2.013062659742851, 0.46553796436844286, 5.540318685165354, 4.115140706763562]",SRT/VR_ML_090_Karin_Kiessling_20250224_FRA_1_fertig.csv,blue,hcrp_lm,Karin_Kiessling,FRA_1,1
73,3,"[1, 6]","[1.2595292510778267, 0.10129035320567985, 1.0826055827147254, 0.15515894700888033, 0.0808907175585675, 1.5909067774719574, 0.4093117191118263]",SRT/VR_ML_090_Karin_Kiessling_20250224_FRA_1_fertig.csv,blue,hcrp_lm,Karin_Kiessling,FRA_1,1
100,2,[6],"[1.0130350090668265, 0.059047065749001974, 1.0587627571619556, 0.08212265423726066, 0.06267571507217157, 1.345335598089251, 0.25003746107105723]",SRT/VR_ML_090_Karin_Kiessling_20250224_FRA_1_fertig.csv,blue,hcrp_lm,Karin_Kiessling,FRA_1,1
