block_number,n_chunks,chunk_boundaries,surprisal_profile,source_file,sequence_type,method,participant_id,session,day_index
7,2,[6],"[2.565790828393447, 3.872427769974555, 4.758197688106374, 2.013062659742851, 0.46553796436844286, 5.489876781179538, 4.072399375372641]",SRT/VR_ML_123_Wolfgang_Lange_20250630_FRA_1_fertig.csv,blue,hcrp_lm,Wolfgang_Lange,FRA_1,1
41,2,[6],"[1.255656961650417, 0.10343768225693013, 1.0819590427981884, 0.15404478873308797, 0.11018208732224484, 1.6103002123195265, 0.40970383396767135]",SRT/VR_ML_123_Wolfgang_Lange_20250630_FRA_1_fertig.csv,blue,hcrp_lm,Wolfgang_Lange,FRA_1,1
