block_number,n_chunks,chunk_boundaries,surprisal_profile,source_file,sequence_type,method,participant_id,session,day_index
34,2,[6],"[2.565790828393447, 3.872427769974555, 4.758197688106374, 2.013062659742851, 0.46553796436844286, 5.39399421806646, 3.990537624126993]",SRT/VR_ML_123_Wolfgang_Lange_20250630_FRA_7_fertig.csv,blue,hcrp_lm,Wolfgang_Lange,FRA_7,7
92,3,"[1, 6]","[1.247943424447551, 0.10832606102036647, 1.0820799748089838, 0.14641913229031595, 0.10548086863776827, 1.5684383414114624, 0.414878559290492]",SRT/VR_ML_123_Wolfgang_Lange_20250630_FRA_7_fertig.csv,blue,hcrp_lm,Wolfgang_Lange,FRA_7,7
94,3,"[3, 6]","[0.9224994239573298, 0.06759994997035422, 1.0735532964265797, 0.10110057497603393, 0.06276289309474468, 1.3136111792421434, 0.2682160098850051]",SRT/VR_ML_123_Wolfgang_Lange_20250630_FRA_7_fertig.csv,blue,hcrp_lm,Wolfgang_Lange,FRA_7,7
100,3,"[3, 6]","[0.6762787795587479, 0.05232936947828876, 1.0701656317431767, 0.0851868973591404, 0.04435615585343071, 1.2358918249643118, 0.22215278723360227]",SRT/VR_ML_123_Wolfgang_Lange_20250630_FRA_7_fertig.csv,blue,hcrp_lm,Wolfgang_Lange,FRA_7,7
